{"cameraMode":{"drawMode":0,"name":"Shaded","section":"Shading Mode"},"sceneLighting":true,"audioPlay":false,"sceneViewState":{"m_AlwaysRefresh":false,"showFog":true,"showSkybox":true,"showFlares":true,"showImageEffects":true,"showParticleSystems":true,"showVisualEffectGraphs":true,"m_FxEnabled":true},"in2DMode":false,"pivot":{"x":0.7322555780410767,"y":-0.8377947807312012,"z":-0.3677816390991211},"rotation":{"x":0.18871112167835236,"y":0.022093743085861207,"z":-0.004246905446052551,"w":0.9817772507667542},"size":4.896934509277344,"orthographic":false}